{
  "Linear_Regression": {
    "mse": 1.5623653136213146e-05,
    "mae": 0.002763535206891132,
    "r2": 0.9876436826860143,
    "rmse": 0.003952676705248375
  },
  "Ridge_Regression": {
    "mse": 6.362756208800494e-05,
    "mae": 0.006090848757056461,
    "r2": 0.9496787121283162,
    "rmse": 0.00797668866685951
  },
  "Lasso_Regression": {
    "mse": 0.0012859931823734924,
    "mae": 0.030491270089953507,
    "r2": -0.017056618352488284,
    "rmse": 0.03586074709725792
  },
  "Random_Forest": {
    "mse": 5.6683074359817877e-05,
    "mae": 0.0049306951419878006,
    "r2": 0.9551709163653438,
    "rmse": 0.00752881626551066
  },
  "Gradient_Boosting": {
    "mse": 6.835294525593455e-05,
    "mae": 0.0053981387482513795,
    "r2": 0.9459415366198706,
    "rmse": 0.008267584003560808
  },
  "XGBoost": {
    "mse": 6.49125307449498e-05,
    "mae": 0.0052274404033537765,
    "r2": 0.948662465778931,
    "rmse": 0.008056831309202756
  },
  "LightGBM": {
    "mse": 6.319853477061185e-05,
    "mae": 0.00509773094735689,
    "r2": 0.9500180180271262,
    "rmse": 0.00794975061059225
  },
  "SVR": {
    "mse": 0.002269567700691073,
    "mae": 0.03472506307786509,
    "r2": -0.7949386376424032,
    "rmse": 0.04763998006602305
  },
  "Dense_NN": {
    "mse": 0.02511698007583618,
    "mae": 0.10194972157478333,
    "r2": 0.9763383269309998,
    "rmse": 0.1584833747616329
  },
  "LSTM": {
    "mse": 0.09128954261541367,
    "mae": 0.23567962646484375,
    "r2": 0.9191179275512695,
    "rmse": 0.30214159365339566
  },
  "GRU": {
    "mse": 0.10890691727399826,
    "mae": 0.2555248439311981,
    "r2": 0.9035090208053589,
    "rmse": 0.330010480551752
  }
}